"","zostere","zone_inondable","eau_peu_profonde","marais","marecage","milieu_humide","gisement_coquilliers","meuble_sans_falaise","rocheuse_sans_falaise","rocheuse_sans_escarpement","terrasse_fluviale","terrasse_plage"
"ancrage",1.6,2.3,2.2,2.09,1.98,2.2,0.6,2.7,2,2,2.2,3
"hydrocarbures",0.7,2.5,1.5,1.425,1.35,1.5,2.2,3.4,2.6,2.6,1.5,1.9
"autres",0.63,2.25,1.35,1.2825,1.215,1.35,1.98,3.06,2.34,2.34,1.35,1.71
"inconnus",0.7,2.5,1.5,1.425,1.35,1.5,2.2,3.4,2.6,2.6,1.5,1.9
"dragage",2.6,2.13333333333333,1.8,1.71,1.62,1.8,3.2,3.3,1.3,1.3,1.8,2.8
"depot",2.2,2.8,2.4,2.28,2.16,2.4,2.2,3.6,2.4,2.4,2.4,3.1
"dragage_prevu",2.6,2.13333333333333,1.8,1.71,1.62,1.8,3.2,3.3,1.3,1.3,1.8,2.8
"CARGO",1.7,0.966666666666667,0.8,0.76,0.72,0.8,2.8,0.9,1.2,1.2,0.8,0.9
"CONTAINER",1.7,0.966666666666667,0.8,0.76,0.72,0.8,2.8,0.9,1.2,1.2,0.8,0.9
"DRY.BULK",1.7,0.966666666666667,0.8,0.76,0.72,0.8,2.8,0.9,1.2,1.2,0.8,0.9
"FERRY.RO.RO",1.7,0.966666666666667,0.8,0.76,0.72,0.8,2.8,0.9,1.2,1.2,0.8,0.9
"GOVERNMENT.RESEARCH",0.5,1.73333333333333,2.2,2.09,1.98,2.2,0.75,1.35,1.65,1.65,2.2,0.6
"Observation",0,0,0,0,0,0,0.6,0,0,0,0,NA
"PASSENGER",1.7,0.966666666666667,0.8,0.76,0.72,0.8,2.8,0.9,1.2,1.2,0.8,0.9
"PLEASURE.VESSELS",1.7,0.966666666666667,0.8,0.76,0.72,0.8,2.8,0.9,1.2,1.2,0.8,0.9
"SPECIAL.SHIPS",1.7,0.966666666666667,0.8,0.76,0.72,0.8,2.8,0.9,1.2,1.2,0.8,0.9
"TANKER",1.7,0.966666666666667,0.8,0.76,0.72,0.8,2.8,0.9,1.2,1.2,0.8,0.9
"TUGS.PORT",1.7,0.966666666666667,0.8,0.76,0.72,0.8,2.8,0.9,1.2,1.2,0.8,0.9
"navigation_portuaire",1.7,0.966666666666667,0.8,0.76,0.72,0.8,2.8,0.9,1.2,1.2,0.8,0.9
"DD",2.6,1.5,0.5,0.475,0.45,0.5,3.5,3.1,0.9,0.9,0.5,0
"DNL",0.8,1.06666666666667,0.7,0.665,0.63,0.7,2.2,1.1,1.4,1.4,0.7,0
"DNH",0.5,0.733333333333333,0.8,0.76,0.72,0.8,2.5,1.1,0.3,0.3,0.8,0
"PLB",0,0.4,0.2,0.19,0.18,0.2,1.3,1,0,0,0.2,0
"PHB",0,0.4,0.2,0.19,0.18,0.2,1.6,1,0,0,0.2,0
"pollution_maritime",1.8,3.13333333333333,2.9,2.755,2.61,2.9,3.1,3.2,3.3,3.3,2.9,3.4
